language,instruction,fil_instruction,input,fil_input,output,fil_output,has_input
Waray-Filipino,Paghatag hin tulo nga tip para magpabilin nga mahimsog.,Magbigay ng tatlong tip para manatiling malusog.,,,"1. Kaon hin balanse ngan masustansya nga pagkaon: Siguraduha nga an imo pagkaon may-ada iba-iba nga prutas ngan utanon, protina nga waray tambok, bug-os nga mga lugas, ngan makapahimsog nga mga tambok. Nabulig ini nga matagan an imo lawas han importante nga mga sustansya basi makagtrabaho hin maopay ngan makakabulig ini ha paglikay ha diri-nauupay nga mga sakit.

2. Pagbuhat hin regular nga pisikal nga aktibidad: Importante gud an ehersisyo basi matipigan an marig-on nga mga tul-an, kaunoran, ngan kahimsog han kasingkasing. Tuyoa an diri maminos 150 ka minuto nga kasadangan nga ehersisyo o 75 ka minuto nga makusog nga ehersisyo kada semana.

3. Pagkaada igo nga katurog: Importante gud an pagkaada igo nga kalidad nga katurog para ha pisikal ngan hunahuna nga kaopayan. Nabulig ini ha pag-regular han panhunahuna, pagpauswag han pag-andar han panhunahuna, ngan nasuporta ha mahimsog nga pagtubo ngan pag-andar han imyunidad. Tuyo nga makaturog hin 7-9 ka oras kada gab-i.","1. Kumain ng balanseng at masustansyang pagkain: Siguraduhing ang iyong kinakain ay may iba't ibang prutas at gulay, protinang walang taba, buong butil, at malusog na taba. Nakakatulong ito na mabigyan ang iyong katawan ng mahahalagang sustansya upang gumana nang maayos at makatulong sa pag-iwas sa mga sakit.

2. Magsagawa ng regular na pisikal na aktibidad: Mahalaga ang ehersisyo upang mapanatili ang malakas na mga buto, kalamnan, at kalusugan ng puso. Layunin ang hindi bababa sa 150 minuto ng katamtamang ehersisyo o 75 minuto ng masiglang ehersisyo bawat linggo.

3. Magkaroon ng sapat na tulog: Mahalaga ang pagkakaroon ng sapat at de-kalidad na tulog para sa pisikal at mental na kagalingan. Nakakatulong ito sa pag-regulate ng mood, pagpapabuti ng paggana ng utak, at sumusuporta sa malusog na paglaki at paggana ng immune system. Layunin na makatulog ng 7-9 oras bawat gabi.",FALSE
Waray-Filipino,Ano an tulo nga nangunguna nga kolor?,Ano ang tatlong nangungunang kulay?,,,"An tulo nga nangunguna nga kolor amo an pula, asul, ngan dulaw. Gintatawag ini nga mga kolor nga primary tungod kay diri ini mahihimo pinaagi hin paghalo hin iba nga kolor ngan an ngatanan nga iba nga kolor mahihimo pinaagi hin pag-usa hini ha iba-iba nga proporsyon. Ha sistema han kolor nga may pagdugang, nga ginagamit para ha kapawa, an nangunguna nga mga kolor amo an pula, berde, ngan asul (RGB).","Ang tatlong nangungunang kulay ay pula, asul, at dilaw. Ang mga ito ay tinatawag na mga pangunahing kulay dahil hindi sila magagawa sa pamamagitan ng paghahalo ng ibang mga kulay at ang lahat ng iba pang mga kulay ay maaaring gawin sa pamamagitan ng pagsasama-sama ng mga ito sa iba't ibang mga proporsyon. Sa isang additive color system, na ginagamit para sa liwanag, ang mga pangunahing kulay ay pula, berde, at asul (RGB).",FALSE
Waray-Filipino,Ihulagway an istraktura han atomo.,Ilarawan ang istraktura ng atom.,,,"An atomo amo an batakan nga bloke han pagtukod han ngatanan nga butang ngan ginhihimo hin tulo nga klase hin partikulo: proton, neutron, ngan electron. An istraktura han atomo mahimo ihulagway sugad nga nukleo ha butnga nga napapalibotan hin dampog han mga elektron.

An nukleo han atomo ginkukompwesto hin mga proton ngan neutron. An proton in mga partikulo nga positibo an karga ngan an neutron mga neutral nga partikulo nga waray karga. Ini nga duha nga partikulo nahimumutang ha nukleo han atomo, nga aada ha butnga han atomo ngan nagsusulod han kadam-an nga masa han atomo.

Nakapalibot ha nukleo han atomo an dampog han mga elektron. An mga elektron amo an mga partikulo nga may negatibo nga karga nga pirme nagkikiwa ha palibot han nukleo. An dampog han electron ginbabahin ha mga shell o mga orbital, ngan an tagsa nga shell nakakasulod hin pipira nga kadamu han electron. An kadamo han mga electron ha pinakagawas nga shell, nga tinatawag nga valence shell, amo an nagdideterminar han kemikal nga mga kinaiya han atomo. 

Ha neutral nga atomo, an kadamo han mga proton ha nukleo pareho han kadamo han mga electron ha dampog han electron, sanglit an positibo ngan negatibo nga karga nagbabalanse ngan waray kabug-usan nga karga an atomo. An kadamo han mga proton, nga tinatawag gihapon nga numero han atomo, amo an nagdidesisyon kun ano nga elemento an atomo.","Ang atomo ay ang batayang bloke ng pagbuo ng lahat ng bagay at binubuo ng tatlong uri ng partikulo: proton, neutron, at electron. Ang istraktura ng atomo ay maaaring ilarawan bilang isang nukleo sa gitna na napapalibutan ng ulap ng mga elektron.

Ang nukleo ng atomo ay binubuo ng mga proton at neutron. Ang proton ay mga partikulo na positibo ang karga at ang neutron ay mga neutral na partikulo na walang karga. Ang dalawang partikulong ito ay matatagpuan sa nukleo ng atomo, na nasa gitna ng atomo at naglalaman ng karamihan sa masa ng atomo.

Nakapalibot sa nukleo ng atomo ang ulap ng mga elektron. Ang mga elektron ay mga partikulo na may negatibong karga na palaging umiikot sa paligid ng nukleo. Ang ulap ng elektron ay nahahati sa mga shell o mga orbital, at ang bawat shell ay maaaring maglaman ng ilang bilang ng elektron. Ang bilang ng mga elektron sa pinakalabas na shell, na tinatawag na valence shell, ang nagtatakda ng mga kemikal na katangian ng atomo.

Sa isang neutral na atomo, ang bilang ng mga proton sa nukleo ay katumbas ng bilang ng mga elektron sa ulap ng elektron, kaya ang positibo at negatibong karga ay nagbabalanse at walang kabuuang karga ang atomo. Ang bilang ng mga proton, na tinatawag ding atomic number, ang nagpapasya kung anong elemento ang atomo.",FALSE
Waray-Filipino,Paonan-o naton maiibanan an polusyon ha hangin?,Paano natin mababawasan ang polusyon sa hangin?,,,"Mayda pira nga paagi para maibanan an polusyon ha hangin, upod na an:

1. Pag-iban han pagkonsumo hin enerhiya: Pinaagi han pagtipig hin enerhiya, naiibanan naton an kadamo han polusyon nga iginbubuga tikang ha mga planta hin koryente. An pipira nga paagi basi makab-ot ito nag-uupod han: paggamit hin mga garamiton ngan suga nga diri nagamit hin enerhiya, pag-insulate ha mga balay, ngan pagparong han mga suga ngan elektroniko kon diri ginagamit.

2. Gamit hin pampubliko nga sarakyan o carpool: An mga awto ngan mga trak amo an nangunguna nga surok han polusyon. Pinaagi han paggamit han pampubliko nga sarakyan, pag-upod ha carpooling o pagbisikleta, maiibanan mo an kadamu han awto ha kalsada, nga ha luyo nga bahin, maiibanan an mga emission.

3. Magin responsable ha basura: Kun an basura in ginsusunog o nadudunot, pwede ini magpagawas hin nakakadaot nga mga gas ha hangin. Ilabog hin tama an mga delikado nga basura ngan ig-recycle an mga materyales sugad han mga plastik, papel, ngan bildo kon mahihimo.

4. Suportahan an malimpyo nga mga surok hin enerhiya: An mga surok hin enerhiya nga nababag-o sugad han solar ngan hangin in gutiay la o waray gud polusyon. Suportahan an mga kompanya ngan proyekto han malimpyo nga enerhiya, ngan hunahunaa an pagbutang hin mga sistema han enerhiya nga nababag-o ha iyo balay.

5. Magmaneho hin maopay: Kon kinahanglan mo magmaneho, siguroha nga ginmintinar hin maopay an imo sarakyan ngan magmaneho hin maopay pinaagi han paglikay ha madagmit nga pagdagmit ngan pagpreno, ngan pag-iban han pag-idling.

6. Magin hunahunaon ha mga pagpili hin produkto: May mga produkto ngan mga buhat nga nagpapagawas hin mas damu nga polusyon kay han iba. Pilia an mga produkto nga may eco-friendly nga putos ngan pangalimbasugi nga maibanan an imo paggamit hin mga aerosol spray, nga mahimo magpagawas hin nakakadaot nga kemikal ha hangin.","Mayroong ilang mga paraan upang mabawasan ang polusyon sa hangin, kabilang ang:

1. Pagbawas sa pagkonsumo ng enerhiya: Sa pamamagitan ng pagtitipid ng enerhiya, nababawasan natin ang dami ng polusyon na inilalabas mula sa mga planta ng kuryente. Ang ilang mga paraan upang makamit ito ay kinabibilangan ng: paggamit ng mga kagamitan at ilaw na matipid sa enerhiya, pag-insulate ng mga bahay, at pagpatay ng mga ilaw at elektroniko kapag hindi ginagamit.

2. Paggamit ng pampublikong sasakyan o carpool: Ang mga kotse at trak ay pangunahing pinagmumulan ng polusyon. Sa pamamagitan ng paggamit ng pampublikong sasakyan, pagsali sa carpooling, o pagbibisikleta, mababawasan mo ang dami ng sasakyan sa kalsada, na siya namang magpapababa ng mga emisyon.

3. Maging responsable sa basura: Kapag ang basura ay sinusunog o nabubulok, maaari itong maglabas ng mga nakakapinsalang gas sa hangin. Itapon nang maayos ang mga mapanganib na basura at i-recycle ang mga materyales tulad ng mga plastik, papel, at salamin kung maaari.

4. Suportahan ang malinis na mga pinagmumulan ng enerhiya: Ang mga renewable energy sources tulad ng solar at hangin ay may kaunti o walang polusyon. Suportahan ang mga kumpanya at proyekto ng malinis na enerhiya, at isaalang-alang ang pag-install ng mga renewable energy system sa iyong tahanan.

5. Magmaneho nang maayos: Kung kailangan mong magmaneho, siguraduhing maayos ang pagkakamentina ng iyong sasakyan at magmaneho nang maayos sa pamamagitan ng pag-iwas sa mabilis na pag-arangkada at pagpreno, at pagbawas sa pag-idling.

6. Maging mapanuri sa mga pagpipilian ng produkto: May mga produkto at gawi na naglalabas ng mas maraming polusyon kaysa sa iba. Pumili ng mga produkto na may eco-friendly na packaging at sikaping bawasan ang iyong paggamit ng mga aerosol spray, na maaaring maglabas ng mga nakakapinsalang kemikal sa hangin.",FALSE
Waray-Filipino,Pagpakunokuno nga nagdudumara ka hin proyekto han usa nga kompanya han pagtukod. Ihulagway an panahon nga kinahanglan mo maghimo hin makuri nga desisyon.,Gawin mong kunwari na ikaw ay namamahala ng isang proyekto para sa isang kumpanya ng konstruksyon. Ilarawan ang isang pagkakataon kung saan kinailangan mong gumawa ng isang mahirap na desisyon.,,,"Kinahanglan ko maghimo hin makuri nga desisyon han nagtatrabaho ako sugad nga project manager ha usa nga kompanya han konstruksyon. Ako an nagdudumara hin usa nga proyekto nga kinahanglan matapos ha usa nga petsa basi matuman an ginlalaoman han kliyente. Pero tungod han diri ginlalaoman nga paglangan, waray namon maabot an deadline ngan salit kinahanglan ko maghimo hin makuri nga desisyon. Nagdesisyon ako nga palawigon an petsa, kondi kinahanglan ko pa unaton an mga rekurso han team ngan dugangan an badyet. Bisan kon peligroso ito nga desisyon, ha urhi nagdesisyon ako nga ipadayon ito basi masiguro nga matapos an proyekto ha husto nga panahon ngan matuman an ginlalaoman han kliyente. Ha urhi, malinampuson nga natapos an proyekto ngan nakita ini nga pamatuod han akon abilidad ha pagpanguna ngan pagdesisyon.","Kinailangan kong gumawa ng isang mahirap na desisyon noong ako ay nagtatrabaho bilang project manager sa isang kumpanya ng konstruksyon. Ako ang namamahala sa isang proyekto na kailangang matapos sa isang partikular na petsa upang matugunan ang mga inaasahan ng kliyente. Ngunit dahil sa hindi inaasahang pagkaantala, hindi namin naabot ang deadline kaya kinailangan kong gumawa ng isang mahirap na desisyon. Nagpasya akong pahabain ang deadline, ngunit kinailangan kong higpitan ang mga mapagkukunan ng koponan at dagdagan ang badyet. Kahit na ito ay isang mapanganib na desisyon, sa huli ay nagpasya akong ituloy ito upang matiyak na ang proyekto ay matatapos sa tamang oras at matutugunan ang mga inaasahan ng kliyente. Sa huli, matagumpay na natapos ang proyekto at ito ay naging patunay ng aking kakayahan sa pamumuno at paggawa ng desisyon.",FALSE
Waray-Filipino,"Pagsurat hin halipot nga sumaryo han masunod:
""An Commodore 64 (komon nga kilala nga C64 o CBM 64) ginhimo han Commodore Business Machine (CBM) dida han Agosto 1982 nga may pagtikang nga presyo nga $595. Usa ini nga 8-bit nga kompyuter ha balay nga may makatirigamnan nga kalampusan ha merkado. pinakamabaligya nga usa nga personal nga kompyuter nga modelo han ngatanan nga panahon han 1983-1986. 

Dugang pa, an Commodore 64 in nagdominar han merkado nga mayda butnga han 30% ngan 40% nga bahin ngan 2 milyones nga mga yunit nga ginbabaligya kada tuig, nga nalabaw han IBM PC clones, Apple Computers, ngan Atari nga mga kompyuter. Pagdugang han ira kalamposan, hi Sam Tramiel (anay presidente han Atari), durante han usa nga interbyu han 1989, nagsering nga naghihimo hira hin 400,000 nga C64 kada bulan ha sulod hin duha ka tuig. ""","Sumulat ng maikling buod ng mga sumusunod:
""Ang Commodore 64 (karaniwang kilala bilang C64 o CBM 64) ay ginawa ng Commodore Business Machine (CBM) noong Agosto 1982 na may panimulang presyo na $595. Ito ay isang 8-bit na home computer na nagkaroon ng malaking tagumpay sa merkado. Ito ang pinakamabentang modelo ng personal computer sa lahat ng panahon mula 1983-1986.

Bukod pa rito, ang Commodore 64 ay nangibabaw sa merkado na may 30% hanggang 40% na bahagi at nagbenta ng 2 milyong yunit bawat taon, na nalampasan ang mga IBM PC clone, Apple Computer, at Atari computer. Bilang karagdagan sa kanilang tagumpay, sinabi ni Sam Tramiel (dating presidente ng Atari) sa isang panayam noong 1989 na gumagawa sila ng 400,000 C64 bawat buwan sa loob ng dalawang taon.""",,,"An Commodore 64 usa nga hataas nga malinampuson nga 8-bit nga kompyuter ha panimalay nga ginhimo han Commodore Business Machine (CBM) han 1982, nga mayda mga pagbaligya hin mga 17 milyones nga yunit nga ginbaligya ha butnga han 1983-1986. Nagdominar ini han merkado nga mayda butnga han 30% ngan 40% nga bahin ngan nalabaw han iya mga kakompetensya, lakip an IBM PC clones, Apple Computers, ngan Atari nga mga kompyuter. Ha pungkay hini, an CBM in nagtutukod hin 400,000 nga C64 kada bulan ha sakob hin duha ka tuig.","Ang Commodore 64 ay isang napakatagumpay na 8-bit home computer na ginawa ng Commodore Business Machine (CBM) noong 1982, na may mga benta na humigit-kumulang 17 milyong yunit na naibenta sa pagitan ng 1983-1986. Nangibabaw ito sa merkado na may 30% hanggang 40% na bahagi at nalampasan ang mga kakumpitensya nito, kabilang ang mga IBM PC clone, Apple Computer, at Atari computer. Sa kasagsagan nito, ang CBM ay gumagawa ng 400,000 C64 bawat buwan sa loob ng dalawang taon.",FALSE
Waray-Filipino,Isaysay kon kay ano nga an masunod nga bahin katugbang han 1/4.,Ipaliwanag kung bakit ang sumusunod na bahagi ay katumbas ng 1/4.,16-Apr,16-Apr,"An bahin nga 4/16 katugbang han 1/4 tungod kay an duha nga bahin nagrirepresentar hin pariho nga kantidad. An tipik mahimo pasimplehon pinaagi han pagbahin han numerador ngan denominador pinaagi hin komon nga factor. Hini nga kahimtang, an 4 in komon nga hinungdan han pareho nga numero ngan han nagtitirok han 4/16. Kon aton babahinon an duha ha 4, makuha naton an 4/4 = 1 ngan 16/4 = 4, salit an ginpasimple nga bahin amo an 1/4. Ha luyo nga bahin, mahimo naton ini hunahunaon ha termino han pagdamu. Pananglitan, kon padamuon naton an numerador ngan denominador han bahin nga 1/4 ha 4, makakakuha kita hin (1x4)/(4x4), o 4/16. Tungod kay an duha nga bahin mahimo makuha tikang ha usa pinaagi han pagpadamu o pagbahin hin pariho nga numero, nagrirepresentar ito hin pariho nga kantidad ngan katugbang.","Ang bahaging 4/16 ay katumbas ng 1/4 dahil ang dalawang bahagi ay kumakatawan sa parehong halaga. Ang fraction ay maaaring pasimplehin sa pamamagitan ng paghahati ng numerator at denominator sa isang karaniwang factor. Sa kasong ito, ang 4 ay isang karaniwang factor ng parehong numero at ng denominator ng 4/16. Kung hahatiin natin ang pareho sa 4, makukuha natin ang 4/4 = 1 at 16/4 = 4, kaya ang pinasimpleng bahagi ay 1/4. Sa kabilang banda, maaari rin nating isipin ito sa mga tuntunin ng pagpaparami. Halimbawa, kung paramihin natin ang numerator at denominator ng bahaging 1/4 sa 4, makakakuha tayo ng (1x4)/(4x4), o 4/16. Dahil ang dalawang bahagi ay maaaring makuha mula sa isa sa pamamagitan ng pagpaparami o paghahati ng parehong numero, kumakatawan ito sa parehong halaga at katumbas.",TRUE
Waray-Filipino,Pagsurat hin halipot nga istorya ha ikatulo nga tawo nga pagsaysay mahitungod hin usa nga bida nga kinahanglan maghimo hin importante nga desisyon ha karera.,Pagsulat ng isang maikling kuwento sa ikatlong panauhan tungkol sa isang pangunahing tauhan na kailangang gumawa ng isang mahalagang desisyon sa karera.,,,"Nalingkod hi Sophie ha iya lamesa, nga nagkikinita hin blangko ha iskrin han kompyuter. Nagdadalagan an iya hunahuna samtang gintitimbang an mga opsyon ha iya atubangan. Gintanyagan hiya hin promosyon ngadto ha hitaas nga katungdanan ha iya kompanya, kondi nangangahulogan ito hin pagbalhin ha iba nga nasud ngan pagbaya han iya kasangkayan ngan pamilya. Ha pariho nga panahon, ha kataposan nag-abri an iya ginhihingyap nga trabaho ha karibal nga kompanya, ngan gin-imbitar hiya para hin interbyu. 

An paghunahuna nga bayaan an iya komportable nga kinabuhi, basi mag-alang hin bag-o ngan waray kasigurohan, nakahimo kan Sophie hin kabaraka, kondi nalipay liwat. Pirme hiya usa nga nagririsgo, ngan nagbunga ito hadto. Pero yana, tungod han sugad kadaku nga desisyon nga kinahanglan buhaton, waray maiwasan ni Sophie an pag-abat hin kabug-at.

Katapos hin maiha nga paghunahuna, nagpili hi Sophie. Gin-impake niya an iya mga bag, nagpaalam ha iya mga hinigugma, ngan binalhin ha iba nga nasud para ha bag-o nga trabaho. Makuri ito ha siyahan nga pipira ka bulan, pagpahiuyon ha bag-o nga syudad ngan bag-o nga kultura han kompanya. Kondi samtang nalabay an panahon, nasantop ni Sophie nga nakahimo hiya hin gimaopayi nga desisyon para ha iya karera. Makuri an trabaho, pero mapulsanon liwat, ngan napapalibotan hiya hin madasigon, gintutugwayan nga mga katrabaho nga nag-aghat ha iya nga tumubo ngan mag-uswag.

Ha kataposan, nagbunga an maisog nga pitad ni Sophie. Nag-uuswag hiya ha iya bag-o nga papel, ngan nakahimo hin bag-o nga kasangkayan ngan koneksyon ha iya bag-o nga syudad. Ha paghinumdom han naglabay, nagpasalamat hi Sophie han higayon nga magrisgo ngan maghimo hin pagbag-o, ngan nasarig hiya nga husto an iya desisyon para ha iya karera.","Nakaupo si Sophie sa kanyang mesa, nakatingin sa blangkong screen ng computer. Nagliliyab ang kanyang isipan habang tinitimbang ang mga pagpipilian sa harap niya. Binigyan siya ng promosyon sa isang mataas na posisyon sa kanyang kumpanya, ngunit nangangahulugan ito ng paglipat sa ibang bansa at pag-iwan sa kanyang mga kaibigan at pamilya. Kasabay nito, sa wakas ay nagbukas ang kanyang pinapangarap na trabaho sa isang karibal na kumpanya, at inanyayahan siya para sa isang interbyu.

Ang pag-iisip na iwan ang kanyang komportableng buhay, upang harapin ang isang bago at hindi tiyak, ay nagdulot ng pagkabalisa kay Sophie, ngunit nagdulot din ng kagalakan. Palagi siyang isang taong mahilig kumuha ng panganib, at nagbunga ito noon. Ngunit ngayon, dahil sa napakalaking desisyon na kailangang gawin, hindi maiwasan ni Sophie ang pakiramdam ng bigat.

Pagkatapos ng mahabang pag-iisip, nagpasya si Sophie. Inimpake niya ang kanyang mga bag, nagpaalam sa kanyang mga mahal sa buhay, at lumipat sa ibang bansa para sa bagong trabaho. Mahirap ito sa unang ilang buwan, ang pag-angkop sa bagong lungsod at bagong kultura ng kumpanya. Ngunit habang lumilipas ang panahon, natuklasan ni Sophie na gumawa siya ng isang mahusay na desisyon para sa kanyang karera. Mahirap ang trabaho, ngunit makabuluhan din, at napapaligiran siya ng masisigasig, may kakayahang mga kasamahan na naghihikayat sa kanya na lumago at umunlad.

Sa huli, nagbunga ang matapang na hakbang ni Sophie. Nagtatagumpay siya sa kanyang bagong tungkulin, at nakabuo ng mga bagong kaibigan at koneksyon sa kanyang bagong lungsod. Sa pagbabalik-tanaw, nagpasalamat si Sophie sa pagkakataong kumuha ng panganib at gumawa ng pagbabago, at naniniwala siyang tama ang kanyang desisyon para sa kanyang karera.",FALSE
Waray-Filipino,Ebalwar ini nga tudling para han mga sayop ha ispeling ngan gramatika .,Suriin ang tekstong ito para sa mga pagkakamali sa pagbaybay at balarila.,Nahuman hiya kumaon ngan gumawas hiya ha restawran .,Natapos na siyang kumain at lumabas na siya sa restawran.,"Mayda duha nga sayop ha pag-ispeling ha tudling. An gintadong nga tudling in kinahanglan: ""Natapos niya an iya pangaon ngan binaya ha restawran.""","Mayroong dalawang pagkakamali sa pagbaybay sa teksto. Ang tamang teksto ay: ""Natapos niya ang kanyang pagkain at umalis sa restawran.""",TRUE
Waray-Filipino,Paonan-o namatay hi Julio Cesar?,Paano namatay si Julius Caesar?,,,"Hi Julio Cesar, an heneral han Militar Romano, ngan estadista ginpatay han Marso 15, 44 BC. Ginbuno hiya tubtob nga namatay dida hin katitirok han Senado ha Teatro ni Pompey hin grupo hin mga senador nga nagtawag han ira kalugaringon nga mga Liberatores. Pinangunahan nira Gaius Cassius Longinus, ngan Marcus Junius Brutus, natuo hira nga an diktadura ni Cesar in nagbabag-o han Republika Romano ngan naghihingyap nga ibalik an tradisyonal nga republikano nga gobyerno. Diri hinbabaroan an eksakto nga kadamu han mga nag-atake, kondi gintotoohan nga may-ada grupo nga maabot 60 nga nagkunsabo nga nakigbahin ha pagpatay, ngan an tagsa ha ira nagsasaliwnan ha pagbuno kan Cesar. An adlaw han iya kamatayon kilalado pa gihapon nga Ides han Marso.","Si Julius Caesar, ang heneral ng Hukbong Romano, at estadista ay pinatay noong Marso 15, 44 BC. Siya ay sinaksak hanggang sa mamatay sa isang pagpupulong ng Senado sa Teatro ni Pompey ng isang grupo ng mga senador na tinawag ang kanilang sarili na mga Liberatores. Pinangunahan nila sina Gaius Cassius Longinus, at Marcus Junius Brutus, naniniwala sila na ang diktadura ni Caesar ay nagbabago sa Republika Romano at nagnanais na ibalik ang tradisyonal na republikano na gobyerno. Hindi alam ang eksaktong bilang ng mga umatake, ngunit pinaniniwalaan na mayroong grupo na aabot sa 60 na nagkutsahan na nakibahagi sa pagpatay, at ang bawat isa sa kanila ay nagpapalitan sa pagsaksak kay Caesar. Ang araw ng kanyang kamatayan ay kilala pa rin bilang Ides ng Marso.",FALSE
Waray-Filipino,Ano an kapital han Fransia?,Ano an kapital han Fransya?,,,An kapital nga syudad han Fransya amo an Paris.,Ang kapital na lungsod ng Pransya ay ang Paris.,FALSE
Waray-Filipino,Paghimo hin lista hin napulo nga butang nga bangin kinahanglanon han usa nga tawo para ha pagbiyahe ha pagkampo .,Gumawa ng listahan ng sampung bagay na maaaring kailanganin ng isang tao para sa isang camping trip.,,,"Adi an napulo nga butang nga bangin kinahanglanon han usa nga tawo para ha pagbiyahe ha kampo:

1. Tolda - para makahatag hin sirongan ngan panalipod tikang ha mga elemento .
2. Sleeping bag - para magpabilin nga mapaso ngan komportable samtang nakaturog .
3. Dadara nga kalan o kalayo - para ha pagluto hin mga pagkaon .
4. Cooler nga may ice o ice packs - para matugnaw an madali nga nadudunot nga pagkaon ngan irimnon
5. Parol o plaslayt - para makahatag hin kapawa ha gab-i .
6. Kit hin una nga bulig - para hin gudtiay nga samad o sakit .
7. Mapa ngan kompas o GPS - para ha pagbiyahe ha mga pagbaktas o pag-usisa han lugar .
8. Mga lingkuran ha kampo o mga lingkuran nga napipilo - para han komportable nga paglingkod ha palibot han kampo .
9. Pan-agaw hin insekto - para mapanalipdan kontra ha kagat hin bug .
10. Sunscreen - para mapanalipdan kontra han sunburn.","Narito ang sampung bagay na maaaring kailanganin ng isang tao para sa isang camping trip:

1. Tolda - upang magbigay ng silungan at proteksyon mula sa mga elemento.
2. Sleeping bag - upang manatiling mainit at komportable habang natutulog.
3. Portable stove o campfire - para sa pagluluto ng mga pagkain.
4. Cooler na may yelo o ice packs - upang palamigin ang mga madaling masirang pagkain at inumin.
5. Parol o flashlight - upang magbigay ng liwanag sa gabi.
6. First-aid kit - para sa maliliit na sugat o sakit.
7. Mapa at compass o GPS - para sa pag-navigate sa mga trail o paggalugad sa lugar.
8. Camping chairs o folding chairs - para sa komportableng pag-upo sa paligid ng campsite.
9. Insect repellent - upang maprotektahan laban sa mga kagat ng insekto.
10. Sunscreen - upang maprotektahan laban sa sunburn.",FALSE
Waray-Filipino,Paghisguti an mga hinungdan han Daku nga Kakurian .,Paghisguti an mga hinungdan han Daku nga Kakurian .,,,"An Dako nga Depresyon amo an panahon hin pagluya han ekonomiya nga nagpadayon tikang han 1929-1939, nga amo ini an pinakamaiha nga depresyon ha moderno nga kasaysayan. Nakaapekto ito diri la ha Estados Unidos kondi ha mga nasud ha bug-os nga kalibotan, nga nagresulta hin daku nga kasamok ha sosiedad ngan ekonomiya.

Mayda pipira nga dagko nga mga hinungdan han Dako nga Depresyon, nga nag-uupod han:

1. Pag-ubos han Merkado han Stock han 1929 - Han Oktubre han 1929, an merkado han stock nakaeksperyensya hin dako nga pag-ubos nga nagpara han minilyon nga mga mamumuhunan. Ini nga panhitabo gintatagad han damu nga amo an siyahan nga hinungdan han Daku nga Kakurian.

2. Sobra nga produksyon - Han dekada 1920, damo nga mga industriya an naghimo hin mas damo nga mga papliton kaysa han karuyag o kaya han mga kunsumidor. Ha urhi nagresulta ini hin pagtikaguti han panginahanglan hin mga papliton, nga nagin hinungdan han kawad-i hin trabaho, pagtikagutiay han suhol, ngan kapakyasan han negosyo.

3. Hataas nga Sukot ngan Utang ha Gera - An mga palisiya ha komersyo nga proteksyonista ha porma hin hitaas nga taripa in nagresulta hin pag-ubos han pankalibutan nga komersyo, samtang an iba nga mga nasud in nagbalos hin kalugaringon nga mga taripa. Dugang pa, damu nga nasud an nakukurian ha pagbayad han mga utang ha girra, nga nagresulta hin kawaray-kasarigan ha ekonomiya.

4. Mga Kapakyasan ha Bangko - Samtang nagtitikaguti an panginahanglan hin mga papliton, damo nga mga bangko an nagtikang mapakyas, nga nagin hinungdan han kawad-i hin kumpyansa ha sistema han bangko. Nagresulta ini hin damu nga pagkuha hin kwarta tikang ha mga bangko, salit mas damu pa gud nga bangko an napakyas.

5. Kahimtang han Huraw - An Dust Bowl in usa nga grabe nga huraw ngan bagyo hin tapotapo nga umabot ha rehiyon han Great Plains han Estados Unidos han dekada 1930. Dako an epekto hini ha agrikultura, rason nga damo nga parag-uma an nawarayan hin tuna ngan pakabuhi nga nagpagrabe pa han epekto han depresyon.

Ha kabug-osan, an Daku nga Kakurian tungod han kombinasyon han mga hinungdan, upod na an mga hinungdan ha ekonomiya, palibot, ngan politika. Kalyap an epekto hito, nga nakaapekto ha minilyon nga tawo ha bug-os nga kalibotan.","Ang Malaking Depresyon ay isang panahon ng paghina ng ekonomiya na naganap mula 1929-1939, na siyang pinakamahabang depresyon sa modernong kasaysayan. Hindi lamang nito naapektuhan ang Estados Unidos kundi pati na rin ang mga bansa sa buong mundo, na nagresulta sa malaking kaguluhan sa lipunan at ekonomiya.

Mayroong ilang malalaking sanhi ang Malaking Depresyon, kabilang ang:

1. Pagbagsak ng Stock Market noong 1929 - Noong Oktubre 1929, ang stock market ay nakaranas ng malaking pagbagsak na nagpahirap sa milyun-milyong mamumuhunan. Ang pangyayaring ito ay itinuturing ng marami bilang ang unang sanhi ng Malaking Kahirapan.

2. Sobrang Produksyon - Noong dekada 1920, maraming industriya ang gumawa ng mas maraming produkto kaysa sa nais o kaya ng mga mamimili. Sa huli, nagresulta ito sa pagbaba ng demand para sa mga produkto, na nagdulot ng kawalan ng trabaho, pagbaba ng sahod, at pagkabigo ng mga negosyo.

3. Mataas na Taripa at Utang sa Digmaan - Ang mga proteksyonistang patakaran sa kalakalan sa anyo ng mataas na taripa ay nagresulta sa pagbaba ng pandaigdigang kalakalan, habang ang ibang mga bansa ay gumanti ng sarili nilang mga taripa. Bukod pa rito, maraming bansa ang nahihirapang bayaran ang kanilang mga utang sa digmaan, na nagresulta sa kawalan ng katiyakan sa ekonomiya.

4. Pagkabigo ng mga Bangko - Habang bumababa ang demand para sa mga produkto, maraming bangko ang nagsimulang bumagsak, na nagdulot ng kawalan ng tiwala sa sistema ng pagbabangko. Nagresulta ito sa malaking pag-withdraw ng pera mula sa mga bangko, kaya mas marami pang bangko ang bumagsak.

5. Kondisyon ng Panahon - Ang Dust Bowl ay isang malubhang tagtuyot at bagyo ng alikabok na tumama sa rehiyon ng Great Plains ng Estados Unidos noong dekada 1930. Malaki ang naging epekto nito sa agrikultura, kaya maraming magsasaka ang nawalan ng lupa at kabuhayan, na lalong nagpalala sa epekto ng depresyon.

Sa kabuuan, ang Malaking Depresyon ay dulot ng kombinasyon ng mga salik, kabilang ang mga salik sa ekonomiya, kapaligiran, at pulitika. Malawak ang naging epekto nito, na nakaapekto sa milyun-milyong tao sa buong mundo.",FALSE
Waray-Filipino,"Iklasipika an masunod ha hayop, tanom, ngan mineral .","Iklasipika an masunod ha hayop, tanom, ngan mineral .","Puno hin roble, ore nga tumbaga, elepante .","Puno hin roble, ore nga tumbaga, elepante .","Mga hayop: Elepante .
Mga tanom: Puno hin oak .
Mga mineral: mineral nga tumbaga .","Mga hayop: Elepante .
Mga tanom: Puno ng oak .
Mga mineral: Mineral na tanso .",TRUE
Waray-Filipino,Isaysay an paggamit han mga pulong nga pagsulod ha Natural nga Pagproseso han Yinaknan .,Isalaysay ang paggamit ng mga salitang input sa Natural Language Processing.,,,"An mga pagbutang hin mga pulong in uska klase hin natural nga pamaagi hin pagproseso hin yinaknan nga gingagamit ha paghimo hin mapa hin mga pulong o pulong tikang hin bokabularyo ngadto hin mga vektor hin tinuod nga mga numero. An ideya amo an pagrepresentar han mga pulong ha padayon nga espasyo han vector, diin an pagkapareho han mga pulong mahimo suklon pinaagi han distansya han ira katugbang nga mga vector. Mahihimo ini gamit an mga algorithm sugad han Word2Vec o GloVe, ngan iba pa.

An paggamit hin word embeddings in nagbag-o han natad han Natural Language Processing, tungod kay ini in nagtutugot han mga kompyuter nga makasabot han teksto ha mas makahuluganon nga paagi kaysa han pagkita la han presensya o kawaray han tagsa-tagsa nga mga pulong. Pananglitan, kun nagamit hin mga pulong nga pagsulod, masasabtan han kompyuter nga an mga pulong nga ""ayam"" ngan ""itoy"" duok nga magkasumpay, samtang an mga pulong nga ""ayam"" ngan ""payong"" diri.

An mga pagsulod hin pulong ginagamit ha damo nga klase hin buruhaton han NLP, upod na an pagklasipikar han teksto, pag-analisar han sentimento, paghubad han makina, pagkilala han ginngaranan nga entidad, ngan damo pa nga iba pa. Hira an basihan han damu nga abanse nga mga teknik ha pagproseso han yinaknan, sugad han hilarom nga pag-aram ngan paghubad han makina han utok.","Ang mga word embedding ay isang uri ng natural language processing technique na ginagamit upang lumikha ng mga word map o mga salita mula sa isang bokabularyo patungo sa mga vector ng mga tunay na numero. Ang ideya ay upang irepresenta ang mga salita sa isang tuluy-tuloy na espasyo ng vector, kung saan ang pagkakapareho ng mga salita ay maaaring sukatin sa pamamagitan ng distansya ng kanilang mga katumbas na vector. Ito ay maaaring gawin gamit ang mga algorithm tulad ng Word2Vec o GloVe, at iba pa.

Ang paggamit ng word embeddings ay nagpabago sa larangan ng Natural Language Processing, dahil pinapayagan nito ang mga computer na maunawaan ang teksto sa mas makabuluhang paraan kaysa sa pagtingin lamang sa presensya o kawalan ng mga indibidwal na salita. Halimbawa, kung gumagamit ng mga salitang input, mauunawaan ng computer na ang mga salitang ""aso"" at ""tuta"" ay malapit na magkakaugnay, habang ang mga salitang ""aso"" at ""payong"" ay hindi.

Ang mga salitang input ay ginagamit sa maraming uri ng gawain sa NLP, kabilang ang pag-uuri ng teksto, pagsusuri ng damdamin, awtomatikong pagsasalin, pagkilala sa mga tinukoy na entidad, at marami pang iba. Ang mga ito ang batayan ng maraming advanced na pamamaraan sa pagproseso ng wika, tulad ng deep learning at awtomatikong pagsasalin ng utak.",FALSE
Waray-Filipino,Ihulagway an buruhaton han motherboard han kompyuter .,Ilarawan ang tungkulin ng motherboard ng kompyuter.,,,"An motherboard, nga kilala gihapon nga mainboard o system board, amo an sentro nga printed circuit board ha kompyuter. Nagseserbi ini nga taludtod o pundasyon para hin usa nga kompyuter, nga nagdudugtong han ngatanan nga magkalainlain nga mga sangkap sugad han CPU, RAM, storage drive, expansion card, ngan mga peripheral. An motherboard amo an nagdudumara han komunikasyon ngan pagbalhin hin datos ha butnga hini nga mga sangkap, nga nagtutugot ha ira nga magtrabaho nga magkaupod ngan magbuhat han ira gintokahan nga mga buruhaton.

An motherboard in naglalakip gihapon hin mga importante nga sirkito sugad han sirkito han pagregulasyon han kuryente nga naghahatag hin kuryente ngadto han iba-iba nga sangkap, ngan han generator han orasan nga nagdudugtong han operasyon hini nga mga sangkap. Naglalakip gihapon ini han BIOS (basic input/output system), nga usa nga firmware nga nagkokontrol han proseso han pagtikang ngan naghahatag hin interface para han pagkonfigurar ngan pagdumara han hardware han kompyuter. An iba pa nga mga bahin ha motherboard mahimo mag-upod hin mga kapasidad ha networking, audio, ngan video.

Ha kabug-usan, an buruhaton han motherboard han kompyuter amo an paghatag hin plataporma para han pag-integrar ngan pagpadalagan han ngatanan nga magkalain-lain nga sangkap nga nagkukompwesto hin usa nga kompyuter, nga nagigin importante ini nga bahin han bisan ano nga sistema han pagkompyuter.","Ang motherboard, na kilala rin bilang mainboard o system board, ay ang pangunahing printed circuit board sa isang kompyuter. Ito ay nagsisilbing backbone o pundasyon ng isang kompyuter, na nag-uugnay sa lahat ng iba't ibang bahagi tulad ng CPU, RAM, storage drive, expansion card, at mga peripheral. Ang motherboard ang namamahala sa komunikasyon at paglilipat ng data sa pagitan ng mga bahaging ito, na nagpapahintulot sa kanila na magtulungan at maisagawa ang kanilang mga nakatalagang tungkulin.

Kasama rin sa motherboard ang mga mahahalagang circuit tulad ng power regulation circuit na nagbibigay ng kuryente sa iba't ibang bahagi, at ang clock generator na nag-synchronize ng operasyon ng mga bahaging ito. Kasama rin dito ang BIOS (basic input/output system), na isang firmware na kumokontrol sa proseso ng pag-boot at nagbibigay ng interface para sa pag-configure at pamamahala ng hardware ng kompyuter. Ang iba pang mga feature sa motherboard ay maaaring magsama ng mga kakayahan sa networking, audio, at video.

Sa kabuuan, ang tungkulin ng motherboard ng kompyuter ay magbigay ng isang plataporma para sa integrasyon at pagpapatakbo ng lahat ng iba't ibang bahagi na bumubuo sa isang kompyuter, na ginagawa itong isang mahalagang bahagi ng anumang sistema ng kompyuter.",FALSE
Waray-Filipino,Pag-utro hini nga kodigo ngan pagdugang hin mga komento.,Isalin ang kodigong ito at magdagdag ng mga komento.,"def paghimo hin hinungdan (ihap):
  faktoryal = 1
  para ha ako ha sakop (1, ihap):
    faktoryal *= ako
  
  balik nga faktoryal","def paghimo hin hinungdan (ihap):
  faktoryal = 1
  para ha ako ha sakop (1, ihap):
    faktoryal *= ako
  
  balik nga faktoryal","""
# Usa ini nga function nga nagkukuwenta han factorial han hinatag nga numero .
def paghimo hin hinungdan (ihap):
  # Ibutang an baryable nga 'faktoryal' ha 1 .
  faktoryal = 1
  # Pag-utro tikang ha 1 ngadto ha 'num' gamit an sakop nga funksyon .
  para ha ako ha sakop (1, ihap):
    # Pagdamo an 'factoryal' nga baryable ha yana nga numero ha pag-utro .
    faktoryal *= ako
  # Ibalik an katapusan nga kantidad han 'factorial'.
  balik nga faktoryal
""","""
# Ito ay isang function na kinakalkula ang factorial ng ibinigay na numero.
def paghimo hin hinungdan (ihap):
  # Itakda ang variable na 'faktoryal' sa 1.
  faktoryal = 1
  # Ulitin mula 1 hanggang sa 'ihap' gamit ang sakop na function.
  para ha ako ha sakop (1, ihap):
    # Paramihin ang variable na 'faktoryal' sa kasalukuyang numero sa pag-ulit.
    faktoryal *= ako
  # Ibalik ang huling halaga ng 'faktoryal'.
  balik nga faktoryal
""",TRUE
Waray-Filipino,Magduso hin etika nga solusyon ha problema han pribado nga datos .,Magbigay ng etikal na solusyon sa problema ng pribadong datos.,,,"Usa nga solusyon ha etika ha problema han pribado nga impormasyon amo an pagpatuman hin mas istrikto nga mga regulasyon ngan mga suruklan nga nagkikinahanglan nga magin klaro an mga kompanya kon paonan-o nira ginkokolekta, gintitipigan, ngan ginagamit an impormasyon han mga gumaramit. Karuyag sidngon, kinahanglan klaro nga igsumat han mga kompanya kun ano nga datos an ira ginkokolekta tikang ha mga gumaramit, kun kay ano nga kinahanglan nira ini nga datos, ngan kun paano nira plano gamiton ini. An mga gumaramit magkakaada liwat katungod ha pag-access, pagbag-o, ngan pagpara han ira mga datos ha anoman nga oras.

Labot pa, kinahanglan unahon han mga kompanya an pagpatuman hin marig-on nga mga pitad panseguridad para maproteksyonan an mga datos han mga gumaramit tikang hin diri awtorisado nga pag-access ngan mga pagtalapas. Mahimo ini mag-upod hin mga pitad sugad han pag-enkripsyon, pagpamatuod han damu nga hinungdan, ngan regular nga mga pag-awdit ha seguridad. Kun mayda pagtalapas han data, kinahanglan may baratunon an mga kompanya ngan kinahanglan magpahibaro ha mga apektado nga gumaramit ha eksakto nga panahon.

Dugang pa, an mga nagamit in kinahanglan tagan hin gahum nga magdesisyon nga may kahibaro mahitungod han ira mga datos ngan pribado nga kinabuhi. Makakab-ot ini pinaagi han pagpahibaro mahitungod han pribado nga impormasyon han mga datos ngan paghatag hin mga garamiton ngan mga rekurso basi mabuligan an mga indibiduwal nga mas maopay an pagdumara han ira personal nga impormasyon ha Internet.

Ha katapusan, an pagsiguro han pribado nga datos in gin-aambit nga baratunon ha butnga han mga kompanya ngan mga gumaramit. An mga kompanya kinahanglan magin komitido ha pagbantay han mga datos han gumaramit, samtang an mga gumaramit kinahanglan magkaada aktibo nga bahin ha pagpanalipod han ira personal nga impormasyon. Pinaagi han pagbinuligay, makakahimo kita hin mas talwas ngan mas may etika nga talan-awon han datos.","Ang isang etikal na solusyon sa problema ng pribadong impormasyon ay ang pagpapatupad ng mas mahigpit na mga regulasyon at pamantayan na nangangailangan ng mga kumpanya na maging malinaw kung paano nila kinokolekta, iniimbak, at ginagamit ang impormasyon ng mga gumagamit. Nangangahulugan ito na dapat malinaw na sabihin ng mga kumpanya kung anong datos ang kanilang kinokolekta mula sa mga gumagamit, kung bakit nila kailangan ang datos na ito, at kung paano nila planong gamitin ito. Ang mga gumagamit ay magkakaroon din ng karapatang ma-access, baguhin, at burahin ang kanilang datos anumang oras.

Bukod pa rito, dapat unahin ng mga kumpanya ang pagpapatupad ng matatag na mga hakbang sa seguridad upang maprotektahan ang datos ng mga gumagamit mula sa hindi awtorisadong pag-access at mga paglabag. Maaari itong magsama ng mga hakbang tulad ng encryption, multi-factor authentication, at regular na security audits. Kung mayroong paglabag sa datos, dapat managot ang mga kumpanya at dapat ipagbigay-alam sa mga apektadong gumagamit sa tamang oras.

Higit pa rito, ang mga gumagamit ay dapat bigyan ng kapangyarihan na gumawa ng mga desisyon na may kaalaman tungkol sa kanilang datos at pribadong buhay. Maaari itong makamit sa pamamagitan ng pagbibigay-alam tungkol sa pribadong impormasyon ng datos at pagbibigay ng mga kasangkapan at mapagkukunan upang matulungan ang mga indibidwal na mas mahusay na pamahalaan ang kanilang personal na impormasyon sa Internet.

Sa huli, ang pagtiyak ng pribadong datos ay isang pinagsasaluhang responsibilidad sa pagitan ng mga kumpanya at mga gumagamit. Ang mga kumpanya ay dapat maging nakatuon sa pagprotekta ng datos ng gumagamit, habang ang mga gumagamit ay dapat magkaroon ng aktibong bahagi sa pagprotekta ng kanilang personal na impormasyon. Sa pamamagitan ng pagtutulungan, makakalikha tayo ng mas ligtas at mas etikal na tanawin ng datos.",FALSE
Waray-Filipino,"Paghimo hin tulo nga berbo nga pareho an kahulogan han ""pangaro hin pasaylo"".","Gumawa ng tatlong pandiwa na may parehong kahulugan ng ""humingi ng paumanhin"".",,,"1. Ha pagpahayag hin pagbasol .
2. Ha pagtubos .
3. Paghimo hin mga pag-ayad .","1. Sa pagpapahayag ng pagsisisi.
2. Sa pagtubos.
3. Paggawa ng mga pag-aayos.",FALSE
Waray-Filipino,Ano an ginrirepresentaran han DNA?,Ano an ginrirepresentaran han DNA?,,,"An DNA amo an Deoksiribonukleiko nga Asido. Amo ini an molekula nga nagdadara han henetiko nga instruksyon nga ginagamit ha pagtubo, pag-uswag, pag-andar, ngan pagdamu han ngatanan nga buhi nga organismo.","Ang DNA ay Deoxyribonucleic Acid. Ito ang molekula na nagdadala ng mga henetikong instruksyon na ginagamit sa paglaki, pag-unlad, paggana, at pagpaparami ng lahat ng nabubuhay na organismo.",FALSE
Waray-Filipino,Ikumpara ngan igtanding an Krisis han Misil han Cuba ngan an Gerra ha Vietnam.,Ikumpara ngan igtanding an Krisis han Misil han Cuba ngan an Gerra ha Vietnam.,,,"An Crisis han Misil han Cuba (1962) ngan an Gyera ha Vietnam (1955-1975) in duha nga importante nga panhitabo ha kaagi han US nga nahitabo dida han Matugnaw nga Gyera. Bisan kon an duha nga panhitabo ginkilala pinaagi han nagtikaduro nga tensyon butnga han Estados Unidos ngan Komunista nga mga gahum, may-ada ito pipira nga nangunguna nga mga kaibahan nga nagpapabulag ha ira.

An Cuban Missile Crisis usa nga 13-adlaw nga pampulitika ngan militar nga pag-ato ha butnga han Estados Unidos ngan Unyon Sobyet tungod han pagbutang hin mga misil nukleyar han Sobyet ha Cuba, 90 ka milya la tikang ha baybayon han US. Ha kabaliktaran, an Gyera ha Vietnam usa nga maiha nga away nga inabot hin haros duha ka dekada, nga gin-apihan an US, South Vietnam, North Vietnam, ngan iba pa nga mga kaalyado nga Komunista. Resulta an gerra han pag-atentar han US nga pugngan an pagsarang han komunismo ha Sur-este nga Asya.

An Krisis han Misil han Cuba in agsob nga ginkokonsidera nga pinakaharani ha kalibutan ha gerra nukleyar, kun diin an US ngan Unyon Sobyet in naabot ha ligid hin bug-os nga komprontasyon. Ha urhi, usa nga mahimyang nga resolusyon an nakab-ot, nga an Unyon Sobyet in umuyon nga kuhaon an mga misil tikang ha Cuba kabalyo han saad han US nga diri sumulong ha Cuba ngan sekreto nga kasarabutan nga kuhaon an mga misil han US tikang ha Turkey. Ha kabaliktaran, an Girra ha Vietnam nagresulta hin daku nga kabungkagan, nga minilyon an nawara, damu pa an nasamaran, ngan haluag nga kabungkagan han mga imprastraktura.

Usa pa nga daku nga kaibahan han duha nga panhitabo amo an suporta ha panimalay. Dida han Cuban Missile Crisis, nagkamay-ada haluag nga suporta han publiko para han mga ginbuhat han gobyerno han Estados Unidos, ngan an pag-asikaso ni Pangulo Kennedy han sitwasyon in agsob gin-unabi nga usa han iya gidako-i nga mga nahimo. Kondi, an Girra ha Vietnam diri gud naruruyagan han publiko han Amerika, ngan padayon nga nagtikaduro an pagbati kontra ha girra ha paglabay han mga tuig. An gyera nagresulta hin dako nga pagkawara hin pagtoo ha gobyerno ngan militar han Estados Unidos, ngan ini in nahinunumduman pa gihapon nga usa han mga pinaka-nakabahin-bahin nga mga araway ha kasaysayan han Amerika.

Ha pagtapos, samtang an Crisis han Misil han Cuba ngan an Gyera ha Vietnam pareho dagko nga mga panhitabo ha Mahagkot nga Gyera, magkaiba ini ha ira kahilawig, resulta, ngan suporta ha panimalay. An Crisis han Misil han Cuba in halipot, makusog nga pag-ato nga nasulbad hin mamurayaw, samtang an Gyera ha Vietnam in maiha nga araway nga nagresulta hin haluag nga pagkaguba ngan diri gud naruruyagan ha panimalay.","Ang Krisis ng Misil sa Cuba (1962) at ang Digmaan sa Vietnam (1955-1975) ay dalawang mahalagang kaganapan sa kasaysayan ng US na naganap noong Cold War. Bagaman ang dalawang kaganapan ay kinikilala sa lumalalang tensyon sa pagitan ng Estados Unidos at mga kapangyarihang Komunista, mayroon itong ilang pangunahing pagkakaiba na naghihiwalay sa kanila.

Ang Cuban Missile Crisis ay isang 13-araw na pampulitika at militar na krisis sa pagitan ng Estados Unidos at Unyong Sobyet dahil sa paglalagay ng mga misil nukleyar ng Sobyet sa Cuba, 90 milya lamang mula sa baybayin ng US. Sa kabilang banda, ang Digmaan sa Vietnam ay isang matagal na labanan na tumagal ng halos dalawang dekada, kung saan ang US, South Vietnam, North Vietnam, at iba pang mga kaalyadong Komunista ay nakiisa. Ang digmaan ay resulta ng pagtatangka ng US na pigilan ang pagkalat ng komunismo sa Timog-silangang Asya.

Ang Krisis ng Misil sa Cuba ay madalas na itinuturing na pinakamalapit sa digmaang nukleyar sa mundo, kung saan ang US at Unyong Sobyet ay napalapit sa ganap na komprontasyon. Sa huli, isang mapayapang resolusyon ang nakamit, kung saan sumang-ayon ang Unyong Sobyet na alisin ang mga misil mula sa Cuba kapalit ng pangako ng US na hindi sasakupin ang Cuba at isang lihim na kasunduan na alisin ang mga misil ng US mula sa Turkey. Sa kabilang banda, ang Digmaan sa Vietnam ay nagresulta sa malaking pagkawasak, na may milyun-milyong namatay, marami pang nasugatan, at malawakang pagkawasak ng mga imprastraktura.

Isa pang malaking pagkakaiba sa dalawang kaganapan ay ang suporta sa loob ng bansa. Noong Cuban Missile Crisis, nagkaroon ng malawakang suporta ng publiko para sa mga aksyon ng gobyerno ng Estados Unidos, at ang paghawak ni Pangulong Kennedy sa sitwasyon ay madalas na binabanggit bilang isa sa kanyang pinakamalaking tagumpay. Gayunpaman, ang Digmaan sa Vietnam ay hindi kailanman naging popular sa publikong Amerikano, at patuloy na lumala ang sentimyento laban sa digmaan sa paglipas ng mga taon. Ang digmaan ay nagresulta sa malaking pagkawala ng tiwala sa gobyerno at militar ng Estados Unidos, at ito ay naaalala pa rin bilang isa sa mga pinaka-nakakahating labanan sa kasaysayan ng Amerika.

Sa pagtatapos, habang ang Krisis ng Misil sa Cuba at ang Digmaan sa Vietnam ay parehong malalaking kaganapan sa Cold War, magkaiba sila sa kanilang tagal, resulta, at suporta sa loob ng bansa. Ang Krisis ng Misil sa Cuba ay isang maikli, matinding krisis na nalutas nang mapayapa, habang ang Digmaan sa Vietnam ay isang matagal na labanan na nagresulta sa malawakang pagkawasak at hindi naging popular sa loob ng bansa.",FALSE
Waray-Filipino,Paghimo hin lista hin mga random nga pulong.,Gumawa ng listahan ng mga random na salita.,,,"Adi an lista hin napulo nga random nga mga pulong: 

1. Pag-aragway
2. Kahakog .
3. Pag-adorno .
4. Pag-alingawngaw
5. Merkuriyal
6. Pagsunog
7. Diri nakakapoy .
8. Malimbong .
9. Paghulagway .
10. Susbaranan","Narito ang listahan ng sampung random na salita:

1. Pag-aaway
2. Kasakiman.
3. Pagpapalamuti.
4. Alingawngaw
5. Pabago-bago
6. Pagsunog
7. Hindi nakakapagod.
8. Mapaglinlang.
9. Paglalarawan.
10. Halimbawa",FALSE
Waray-Filipino,"Base han impormasyon nga iginhatag, isurat utro an tudling pinaagi han pagbag-o han tense hito tikang ha naglabay ngadto ha tidaraon.","Batay sa impormasyong ibinigay, isulat muli ang pangungusap sa pamamagitan ng pagbabago ng panahunan nito mula sa nakaraan patungo sa hinaharap.",Mahusay an iya pagtokar hin piano ha sulod hin mga oras ngan katapos inundang tungod kay katutnga na han gab-i.,Mahusay an iya pagtokar hin piano ha sulod hin mga oras ngan katapos inundang tungod kay katutnga na han gab-i.,Magpipiano hiya hin mahusay ha sulod hin mga oras ngan katapos maundang tungod kay katutnga na han gab-i.,Magpipiano hiya hin mahusay ha sulod hin mga oras ngan katapos maundang tungod kay katutnga na han gab-i.,TRUE
Waray-Filipino,Hin-o an pinakasikat nga pintor ha kalibotan?,Sino ang pinakasikat na pintor sa mundo?,,,"An titulo han pinakasikat nga pintor ha kalibotan suhetibo ngan mahimo magkaiba-iba depende ha personal nga opinyon han usa nga indibiduwal. Kondi, gintatagad han damu nga mga tawo hi Leonardo da Vinci, usa nga bantogan nga artista han Renasimyento han Italya, sugad nga usa han pinakabantogan nga mga pintor ha kalibotan. Kilalado hiya tungod han iya mga iconico nga mga buhat lakip an ""Mona Lisa"" ngan ""An Kataposan nga Panihapon."" An iba nga mga bantogan nga mga pintor nga agsob gin-unabi nga upod han mga pinakasikat ha kalibutan nag-uupod hira Vincent van Gogh, Pablo Picasso, ngan Michelangelo.","Ang titulo ng pinakasikat na pintor sa mundo ay subhetibo at maaaring mag-iba-iba depende sa personal na opinyon ng isang indibidwal. Gayunpaman, itinuturing ng maraming tao si Leonardo da Vinci, isang kilalang artista ng Renaissance ng Italya, bilang isa sa mga pinakatanyag na pintor sa mundo. Kilala siya sa kanyang mga ikonikong obra kasama ang ""Mona Lisa"" at ""Ang Huling Hapunan."" Ang iba pang kilalang pintor na madalas binabanggit na kabilang sa mga pinakasikat sa mundo ay sina Vincent van Gogh, Pablo Picasso, at Michelangelo.",FALSE
Waray-Filipino,Isaysay an konsepto han torko han pag-ipit.,Isaysay an konsepto han torko han pag-ipit.,,,"An cogging nga torque amo an torque nga nahihimo han interaksyon ha butnga han magnetic nga natad han stator (an diri-nakikig-upod nga sangkap ha de-koryente nga motor o generator) ngan han rotor (an naglilibot nga sangkap). Ini nga pakig-upod naghahatag hin magnetiko nga pagdani ha butnga han mga ngipon han stator ngan han mga poste han rotor. Ini nga senaryo in nagdudurot hin diri patas nga torko, nga nakakahimo han motor nga makaeksperyensya hin pag-uyog nga pagkiwa imbes nga hapsay nga pagtuyok.

An cogging torque in panguna nga naeksperyensyahan ha mga motor nga mayda damo nga pagliko ha rotor ngan stator windings ngan kun an motor mayda gutiay nga gap ha hangin. An epekto han pag-uyog mahimo maibanan pinaagi han pag-ipit han mga buho han stator o rotor o pinaagi han pagpili han kadamu han mga buho han stator ngan rotor uyon hito. An husto nga disenyo nakakaiban han torko han pag-uyog, salit nagriresulta ito hin hapsay ngan padayon nga pagtuyok.","Ang cogging torque ay ang torque na nalilikha ng interaksyon sa pagitan ng magnetic field ng stator (ang hindi gumagalaw na bahagi sa isang de-koryenteng motor o generator) at ng rotor (ang umiikot na bahagi). Ang interaksyong ito ay lumilikha ng magnetic attraction sa pagitan ng mga ngipin ng stator at ng mga poste ng rotor. Ang senaryong ito ay nagreresulta sa hindi pantay na torque, na nagiging sanhi ng pag-alog ng motor sa halip na maayos na pag-ikot.

Ang cogging torque ay pangunahing nararanasan sa mga motor na may maraming liko sa mga rotor at stator windings at kapag ang motor ay may maliit na air gap. Ang epekto ng pag-alog ay maaaring mabawasan sa pamamagitan ng pag-align ng mga puwang ng stator o rotor o sa pamamagitan ng pagpili ng bilang ng mga puwang ng stator at rotor nang naaayon. Ang tamang disenyo ay nakakabawas sa torque ng pag-alog, kaya nagreresulta ito sa maayos at tuluy-tuloy na pag-ikot.",FALSE
